SIRMIONE;13/07/2020;19/07/2020;camere familiari;2;2;12;15;;;;solo hotel 5 stelle;Solo prezzo
STRESA;13/07/2020;19/07/2020;camere familiari;2;2;12;15;;;;solo hotel 5 stelle;Solo prezzo
AMALFI;13/07/2020;19/07/2020;camere familiari;2;2;12;15;;;;solo hotel 5 stelle;Solo prezzo
JESOLO;13/07/2020;19/07/2020;camere familiari;2;2;12;15;;;;solo hotel 5 stelle;Solo prezzo
RIMINI;13/07/2020;19/07/2020;camere familiari;2;2;12;15;;;;solo hotel 5 stelle;Solo prezzo
SANTA MARGHERITA LIGURE;13/07/2020;19/07/2020;camere familiari;2;2;12;15;;;;solo hotel 5 stelle;Solo prezzo
TAORMINA;13/07/2020;19/07/2020;camere familiari;2;2;12;15;;;;solo hotel 5 stelle;Solo prezzo
ABETONE;13/07/2020;19/07/2020;camere familiari;2;2;12;15;;;;solo hotel 5 stelle;Solo prezzo
BARDONECCHIA;13/07/2020;19/07/2020;camere familiari;2;2;12;15;;;;solo hotel 5 stelle;Solo prezzo
CORTINA D?AMPEZZO;13/07/2020;19/07/2020;camere familiari;2;2;12;15;;;;solo hotel 5 stelle;Solo prezzo
CORVARA IN BADIA;13/07/2020;19/07/2020;camere familiari;2;2;12;15;;;;solo hotel 5 stelle;Solo prezzo
PESCASSEROLI;13/07/2020;19/07/2020;camere familiari;2;2;12;15;;;;solo hotel 5 stelle;Solo prezzo
ABANO TERME;13/07/2020;19/07/2020;camere familiari;2;2;12;15;;;;solo hotel 5 stelle;Solo prezzo
ACIREALE;13/07/2020;19/07/2020;camere familiari;2;2;12;15;;;;solo hotel 5 stelle;Solo prezzo
BORMIO;13/07/2020;19/07/2020;camere familiari;2;2;12;15;;;;solo hotel 5 stelle;Solo prezzo
MONTECATINI ;13/07/2020;19/07/2020;camere familiari;2;2;12;15;;;;solo hotel 5 stelle;Solo prezzo
SALSOMAGGIORE ;13/07/2020;19/07/2020;camere familiari;2;2;12;15;;;;solo hotel 5 stelle;Solo prezzo
FIRENZE;10/08/2020;15/08/2020;camere familiari;2;2;12;15;;;;solo hotel 5 stelle;Solo prezzo
MILANO;10/08/2020;15/08/2020;camere familiari;2;2;12;15;;;;solo hotel 5 stelle;Solo prezzo
NAPOLI;10/08/2020;15/08/2020;camere familiari;2;2;12;15;;;;solo hotel 5 stelle;Solo prezzo
ROMA;10/08/2020;15/08/2020;camere familiari;2;2;12;15;;;;solo hotel 5 stelle;Solo prezzo
VENEZIA;10/08/2020;15/08/2020;camere familiari;2;2;12;15;;;;solo hotel 5 stelle;Solo prezzo
BELLAGIO;10/08/2020;15/08/2020;camere familiari;2;2;12;15;;;;solo hotel 5 stelle;Solo prezzo
BOLSENA;10/08/2020;15/08/2020;camere familiari;2;2;12;15;;;;solo hotel 5 stelle;Solo prezzo
RIVA DEL GARDA;10/08/2020;15/08/2020;camere familiari;2;2;12;15;;;;solo hotel 5 stelle;Solo prezzo
SIRMIONE;10/08/2020;15/08/2020;camere familiari;2;2;12;15;;;;solo hotel 5 stelle;Solo prezzo
STRESA;10/08/2020;15/08/2020;camere familiari;2;2;12;15;;;;solo hotel 5 stelle;Solo prezzo
AMALFI;10/08/2020;15/08/2020;camere familiari;2;2;12;15;;;;solo hotel 5 stelle;Solo prezzo
JESOLO;10/08/2020;15/08/2020;camere familiari;2;2;12;15;;;;solo hotel 5 stelle;Solo prezzo
RIMINI;10/08/2020;15/08/2020;camere familiari;2;2;12;15;;;;solo hotel 5 stelle;Solo prezzo
SANTA MARGHERITA LIGURE;10/08/2020;15/08/2020;camere familiari;2;2;12;15;;;;solo hotel 5 stelle;Solo prezzo
TAORMINA;10/08/2020;15/08/2020;camere familiari;2;2;12;15;;;;solo hotel 5 stelle;Solo prezzo
ABETONE;10/08/2020;15/08/2020;camere familiari;2;2;12;15;;;;solo hotel 5 stelle;Solo prezzo
BARDONECCHIA;10/08/2020;15/08/2020;camere familiari;2;2;12;15;;;;solo hotel 5 stelle;Solo prezzo
CORTINA D?AMPEZZO;10/08/2020;15/08/2020;camere familiari;2;2;12;15;;;;solo hotel 5 stelle;Solo prezzo
CORVARA IN BADIA;10/08/2020;15/08/2020;camere familiari;2;2;12;15;;;;solo hotel 5 stelle;Solo prezzo
PESCASSEROLI;10/08/2020;15/08/2020;camere familiari;2;2;12;15;;;;solo hotel 5 stelle;Solo prezzo
ABANO TERME;10/08/2020;15/08/2020;camere familiari;2;2;12;15;;;;solo hotel 5 stelle;Solo prezzo
ACIREALE;10/08/2020;15/08/2020;camere familiari;2;2;12;15;;;;solo hotel 5 stelle;Solo prezzo
BORMIO;10/08/2020;15/08/2020;camere familiari;2;2;12;15;;;;solo hotel 5 stelle;Solo prezzo
MONTECATINI ;10/08/2020;15/08/2020;camere familiari;2;2;12;15;;;;solo hotel 5 stelle;Solo prezzo
SALSOMAGGIORE ;10/08/2020;15/08/2020;camere familiari;2;2;12;15;;;;solo hotel 5 stelle;Solo prezzo
